,explanation_type,epochs,tpr_01_mean,tpr01_sd,tpr_01_simple_mean,tpr01_simple_sd,tpr_001_mean,tpr_001_sd,tpr_001_simple_mean,tpr_001_simple_sd,auc_mean,auc_sd,auc_simple_mean,auc_simple_sd
0,ixg,50,0.06367878787878788,0.027705723701132397,0.009890909090909089,0.001822479768580999,0.013615151515151514,0.012434607649672169,0.001203030303030303,0.0009073721125298474,0.598076126060606,0.017817911613714408,0.5447907522727272,0.008038673484548703
1,sl,50,0.07281515151515153,0.029070375644778972,0.010296969696969697,0.00231012066436587,0.015706060606060605,0.012882733085564672,0.0012484848484848486,0.0007182137826923259,0.601379539090909,0.01768942205268574,0.5456674868181818,0.007908199711854682
2,ig,50,0.028139393939393936,0.006906472124641358,0.010881818181818182,0.0024773463986821386,0.004781818181818181,0.002346558349616363,0.0012757575757575757,0.0006637954700651184,0.5462557839393939,0.008559974507108364,0.5232508103030304,0.005093188948139614
3,gs,50,0.015269696969696966,0.0038206365365651145,0.010318181818181817,0.0025889572658732525,0.0024939393939393934,0.001327549438430984,0.0013484848484848484,0.0008359792704843359,0.5256156278787878,0.006003286623170509,0.5228840162121212,0.0053801869287755065
